Date,High,Low,Open,Close,Volume,Adj Close
2018-11-13,191.0,181.1999969482422,191.0,182.0,695.0,182.0
2018-11-14,192.0,166.1999969482422,191.0,166.1999969482422,2810.0,166.1999969482422
2018-11-15,184.0,170.39999389648438,171.0,176.39999389648438,27645.0,176.39999389648438
2018-11-16,182.1999969482422,171.39999389648438,179.60000610351562,173.60000610351562,5660.0,173.60000610351562
2018-11-19,176.1999969482422,164.8000030517578,175.1999969482422,165.0,1145.0,165.0
2018-11-20,164.0,155.60000610351562,162.8000030517578,156.8000030517578,4395.0,156.8000030517578
2018-11-21,159.60000610351562,146.60000610351562,155.60000610351562,154.0,12000.0,154.0
2018-11-23,157.1999969482422,156.0,156.0,156.8000030517578,70.0,156.8000030517578
2018-11-26,163.8000030517578,149.1999969482422,163.8000030517578,160.0,2000.0,160.0
2018-11-27,159.60000610351562,148.1999969482422,159.60000610351562,155.0,9845.0,155.0
2018-11-28,155.39999389648438,149.8000030517578,154.8000030517578,153.8000030517578,6325.0,153.8000030517578
2018-11-29,157.0,151.60000610351562,155.1999969482422,152.8000030517578,5675.0,152.8000030517578
2018-11-30,159.8000030517578,151.0,152.8000030517578,152.8000030517578,18175.0,152.8000030517578
2018-12-03,163.0,153.0,156.8000030517578,157.0,1045.0,157.0
2018-12-04,161.0,152.39999389648438,153.60000610351562,154.39999389648438,1140.0,154.39999389648438
2018-12-06,159.60000610351562,152.0,152.8000030517578,155.0,15480.0,155.0
2018-12-07,163.0,152.1999969482422,163.0,156.8000030517578,115520.0,156.8000030517578
2018-12-10,172.0,158.8000030517578,158.8000030517578,166.39999389648438,17460.0,166.39999389648438
2018-12-11,191.8000030517578,168.1999969482422,170.1999969482422,183.1999969482422,9995.0,183.1999969482422
2018-12-12,204.0,183.0,190.39999389648438,194.0,12920.0,194.0
2018-12-13,200.0,185.60000610351562,192.1999969482422,189.0,14665.0,189.0
2018-12-14,204.0,169.0,189.1999969482422,174.60000610351562,19620.0,174.60000610351562
2018-12-17,209.60000610351562,175.1999969482422,209.60000610351562,181.1999969482422,15310.0,181.1999969482422
2018-12-18,200.0,173.1999969482422,179.8000030517578,174.0,9925.0,174.0
2018-12-19,176.1999969482422,164.60000610351562,171.60000610351562,169.39999389648438,27475.0,169.39999389648438
2018-12-20,169.0,151.60000610351562,166.8000030517578,155.8000030517578,22865.0,155.8000030517578
2018-12-21,167.39999389648438,152.60000610351562,154.60000610351562,152.60000610351562,12000.0,152.60000610351562
2018-12-24,165.60000610351562,151.0,151.0,154.8000030517578,5905.0,154.8000030517578
2018-12-26,163.39999389648438,153.1999969482422,153.60000610351562,161.39999389648438,16585.0,161.39999389648438
2018-12-27,169.60000610351562,148.1999969482422,157.60000610351562,152.60000610351562,12715.0,152.60000610351562
2018-12-28,169.8000030517578,152.0,154.1999969482422,155.0,11275.0,155.0
2018-12-31,160.39999389648438,147.0,156.8000030517578,154.60000610351562,22145.0,154.60000610351562
2019-01-02,163.1999969482422,147.39999389648438,152.39999389648438,153.1999969482422,5785.0,153.1999969482422
2019-01-03,155.39999389648438,143.0,152.0,148.39999389648438,12290.0,148.39999389648438
2019-01-04,165.39999389648438,149.1999969482422,151.60000610351562,162.1999969482422,12610.0,162.1999969482422
2019-01-07,175.0,158.60000610351562,163.60000610351562,163.60000610351562,9435.0,163.60000610351562
2019-01-08,176.0,162.0,165.8000030517578,165.0,13805.0,165.0
2019-01-09,184.0,168.0,168.1999969482422,176.0,14405.0,176.0
2019-01-10,185.0,169.0,174.60000610351562,177.1999969482422,11445.0,177.1999969482422
2019-01-11,176.1999969482422,167.0,176.1999969482422,169.39999389648438,6170.0,169.39999389648438
2019-01-14,175.0,164.0,168.0,166.60000610351562,14170.0,166.60000610351562
2019-01-15,175.8000030517578,167.39999389648438,167.39999389648438,172.39999389648438,6690.0,172.39999389648438
2019-01-16,176.39999389648438,167.60000610351562,172.60000610351562,171.39999389648438,7460.0,171.39999389648438
2019-01-17,178.0,165.1999969482422,170.39999389648438,173.8000030517578,7420.0,173.8000030517578
2019-01-18,189.1999969482422,167.1999969482422,179.1999969482422,171.39999389648438,6440.0,171.39999389648438
2019-01-22,170.0,163.0,170.0,165.60000610351562,10815.0,165.60000610351562
2019-01-23,170.0,154.0,166.0,155.39999389648438,7540.0,155.39999389648438
2019-01-24,164.39999389648438,157.60000610351562,157.60000610351562,162.0,7335.0,162.0
2019-01-25,170.0,159.39999389648438,163.0,162.0,5420.0,162.0
2019-01-28,171.8000030517578,159.1999969482422,162.60000610351562,162.39999389648438,10130.0,162.39999389648438
2019-01-29,168.8000030517578,159.8000030517578,161.8000030517578,166.60000610351562,2100.0,166.60000610351562
2019-01-30,169.1999969482422,158.60000610351562,165.60000610351562,162.39999389648438,7735.0,162.39999389648438
2019-01-31,169.0,161.0,161.60000610351562,162.0,19710.0,162.0
2019-02-01,174.1999969482422,159.8000030517578,164.60000610351562,168.0,18325.0,168.0
2019-02-04,172.39999389648438,163.0,171.0,169.8000030517578,5425.0,169.8000030517578
2019-02-05,170.1999969482422,163.8000030517578,170.1999969482422,166.8000030517578,15480.0,166.8000030517578
2019-02-06,167.39999389648438,160.39999389648438,164.39999389648438,165.1999969482422,7265.0,165.1999969482422
2019-02-07,163.60000610351562,160.39999389648438,163.0,162.8000030517578,3655.0,162.8000030517578
2019-02-08,162.60000610351562,157.39999389648438,162.60000610351562,158.8000030517578,3295.0,158.8000030517578
2019-02-11,169.39999389648438,157.0,159.0,158.0,5060.0,158.0
2019-02-12,163.1999969482422,159.0,159.0,159.8000030517578,4215.0,159.8000030517578
2019-02-13,166.39999389648438,157.1999969482422,161.1999969482422,159.8000030517578,12025.0,159.8000030517578
2019-02-14,160.60000610351562,156.0,159.60000610351562,157.39999389648438,9245.0,157.39999389648438
2019-02-15,170.0,157.0,159.8000030517578,162.8000030517578,14645.0,162.8000030517578
2019-02-19,167.60000610351562,160.0,161.1999969482422,162.60000610351562,16860.0,162.60000610351562
2019-02-20,169.1999969482422,160.0,162.39999389648438,163.60000610351562,7720.0,163.60000610351562
2019-02-21,165.39999389648438,161.0,163.60000610351562,162.1999969482422,4230.0,162.1999969482422
2019-02-22,165.1999969482422,161.1999969482422,162.0,163.1999969482422,4425.0,163.1999969482422
2019-02-25,165.0,161.0,164.0,163.39999389648438,3275.0,163.39999389648438
2019-02-26,164.8000030517578,161.0,163.1999969482422,163.39999389648438,3850.0,163.39999389648438
2019-02-27,163.8000030517578,157.39999389648438,163.1999969482422,160.60000610351562,13990.0,160.60000610351562
2019-02-28,146.1999969482422,122.0,146.0,122.4000015258789,76635.0,122.4000015258789
2019-03-01,124.5999984741211,101.5999984741211,123.5999984741211,111.4000015258789,69925.0,111.4000015258789
2019-03-04,119.0,108.19999694824219,113.4000015258789,111.0,47605.0,111.0
2019-03-05,114.80000305175781,108.19999694824219,112.19999694824219,110.4000015258789,26435.0,110.4000015258789
2019-03-06,114.80000305175781,108.19999694824219,110.5999984741211,112.0,23155.0,112.0
2019-03-07,116.80000305175781,110.19999694824219,111.80000305175781,111.80000305175781,14335.0,111.80000305175781
2019-03-08,120.0,103.5999984741211,111.19999694824219,110.0,79105.0,110.0
2019-03-11,121.19999694824219,111.4000015258789,111.4000015258789,112.80000305175781,64615.0,112.80000305175781
2019-03-12,124.19999694824219,114.19999694824219,114.19999694824219,123.80000305175781,42530.0,123.80000305175781
2019-03-13,130.0,120.0,125.4000015258789,123.4000015258789,52960.0,123.4000015258789
2019-03-14,126.4000015258789,120.0,124.80000305175781,126.4000015258789,32410.0,126.4000015258789
2019-03-15,130.1999969482422,124.0,127.0,128.8000030517578,130820.0,128.8000030517578
2019-03-18,129.0,121.80000305175781,129.0,123.5999984741211,26530.0,123.5999984741211
2019-03-19,128.1999969482422,121.80000305175781,125.0,124.80000305175781,32400.0,124.80000305175781
2019-03-20,125.19999694824219,119.80000305175781,124.80000305175781,122.5999984741211,28040.0,122.5999984741211
2019-03-21,126.4000015258789,119.19999694824219,122.4000015258789,125.80000305175781,27525.0,125.80000305175781
2019-03-22,126.5999984741211,119.19999694824219,124.80000305175781,124.0,13975.0,124.0
2019-03-25,124.5999984741211,119.80000305175781,124.5999984741211,120.5999984741211,16090.0,120.5999984741211
2019-03-26,126.0,120.0,121.4000015258789,120.80000305175781,19735.0,120.80000305175781
2019-03-27,124.80000305175781,118.80000305175781,119.80000305175781,122.4000015258789,19420.0,122.4000015258789
2019-03-28,123.19999694824219,118.4000015258789,121.80000305175781,120.0,13020.0,120.0
2019-03-29,121.5999984741211,115.80000305175781,121.5999984741211,118.0,12700.0,118.0
2019-04-01,121.19999694824219,114.0,118.80000305175781,119.80000305175781,23255.0,119.80000305175781
2019-04-02,122.19999694824219,117.19999694824219,120.19999694824219,120.19999694824219,11410.0,120.19999694824219
2019-04-03,120.19999694824219,118.19999694824219,120.0,120.19999694824219,36070.0,120.19999694824219
2019-04-04,121.0,118.0,121.0,120.0,14155.0,120.0
2019-04-05,121.4000015258789,118.4000015258789,120.19999694824219,120.4000015258789,16255.0,120.4000015258789
2019-04-08,121.4000015258789,118.19999694824219,120.19999694824219,119.0,17840.0,119.0
2019-04-09,125.80000305175781,115.19999694824219,119.0,117.5999984741211,75885.0,117.5999984741211
2019-04-10,119.4000015258789,115.19999694824219,119.0,116.19999694824219,18985.0,116.19999694824219
2019-04-11,118.0,114.19999694824219,116.5999984741211,115.80000305175781,68890.0,115.80000305175781
2019-04-12,118.5999984741211,115.5999984741211,116.80000305175781,117.0,13005.0,117.0
2019-04-15,118.5999984741211,114.0,117.80000305175781,117.0,28360.0,117.0
2019-04-16,113.0,103.80000305175781,113.0,108.4000015258789,23945.0,108.4000015258789
2019-04-17,110.5999984741211,106.5999984741211,110.0,108.4000015258789,21995.0,108.4000015258789
2019-04-18,107.4000015258789,96.5999984741211,107.4000015258789,100.0,59135.0,100.0
2019-04-22,109.0,98.4000015258789,99.4000015258789,108.19999694824219,16705.0,108.19999694824219
2019-04-23,110.19999694824219,102.5999984741211,104.19999694824219,107.4000015258789,57965.0,107.4000015258789
2019-04-24,108.4000015258789,102.0,106.5999984741211,105.0,31235.0,105.0
2019-04-25,104.5999984741211,101.4000015258789,104.5999984741211,102.0,10655.0,102.0
2019-04-26,104.0,97.19999694824219,100.0,99.0,24020.0,99.0
2019-04-29,103.80000305175781,98.0,99.4000015258789,103.4000015258789,12865.0,103.4000015258789
2019-04-30,103.4000015258789,98.4000015258789,103.0,101.0,10945.0,101.0
2019-05-01,105.0,100.19999694824219,100.80000305175781,102.80000305175781,6440.0,102.80000305175781
2019-05-02,104.5999984741211,99.5999984741211,100.0,101.19999694824219,11750.0,101.19999694824219
2019-05-03,108.5999984741211,101.0,101.0,104.0,18760.0,104.0
2019-05-06,103.80000305175781,98.19999694824219,102.5999984741211,101.0,52160.0,101.0
2019-05-07,103.19999694824219,99.5999984741211,100.19999694824219,101.4000015258789,14070.0,101.4000015258789
2019-05-08,103.0,100.0,101.5999984741211,102.0,35480.0,102.0
2019-05-09,111.80000305175781,101.19999694824219,102.0,106.80000305175781,60750.0,106.80000305175781
2019-05-10,107.80000305175781,103.19999694824219,106.4000015258789,105.80000305175781,34610.0,105.80000305175781
2019-05-13,109.80000305175781,102.4000015258789,105.4000015258789,108.19999694824219,21785.0,108.19999694824219
2019-05-14,109.80000305175781,106.0,108.0,106.19999694824219,20755.0,106.19999694824219
2019-05-15,108.19999694824219,103.0,105.19999694824219,104.80000305175781,12470.0,104.80000305175781
2019-05-16,107.4000015258789,104.0,104.80000305175781,106.4000015258789,13430.0,106.4000015258789
2019-05-17,108.4000015258789,104.0,106.0,107.0,62570.0,107.0
2019-05-20,108.0,104.19999694824219,108.0,105.5999984741211,13255.0,105.5999984741211
2019-05-21,107.0,103.0,105.5999984741211,104.19999694824219,67180.0,104.19999694824219
2019-05-22,104.5999984741211,99.5999984741211,103.5999984741211,101.19999694824219,22590.0,101.19999694824219
2019-05-23,100.80000305175781,97.5999984741211,100.19999694824219,98.80000305175781,18530.0,98.80000305175781
2019-05-24,101.80000305175781,97.80000305175781,100.4000015258789,100.5999984741211,16765.0,100.5999984741211
2019-05-28,100.80000305175781,98.19999694824219,100.5999984741211,99.4000015258789,24145.0,99.4000015258789
2019-05-29,99.0,93.19999694824219,98.19999694824219,97.19999694824219,47320.0,97.19999694824219
2019-05-30,98.0,94.80000305175781,97.19999694824219,96.19999694824219,17815.0,96.19999694824219
2019-05-31,96.4000015258789,90.5999984741211,94.5999984741211,91.5999984741211,49535.0,91.5999984741211
2019-06-03,94.4000015258789,90.5999984741211,91.5999984741211,91.0,13455.0,91.0
2019-06-04,94.80000305175781,91.4000015258789,91.4000015258789,93.5999984741211,14890.0,93.5999984741211
2019-06-05,96.0,90.4000015258789,94.0,91.5999984741211,14575.0,91.5999984741211
2019-06-06,93.19999694824219,89.4000015258789,91.4000015258789,91.0,31690.0,91.0
2019-06-07,97.0,89.5999984741211,91.19999694824219,96.80000305175781,26245.0,96.80000305175781
2019-06-10,97.4000015258789,92.5999984741211,96.4000015258789,94.5999984741211,51545.0,94.5999984741211
2019-06-11,97.19999694824219,91.5999984741211,94.0,92.80000305175781,37745.0,92.80000305175781
2019-06-12,92.5999984741211,86.4000015258789,92.19999694824219,88.5999984741211,63065.0,88.5999984741211
2019-06-13,92.0,82.4000015258789,89.19999694824219,84.80000305175781,58455.0,84.80000305175781
2019-06-14,85.19999694824219,78.0,85.19999694824219,79.80000305175781,46005.0,79.80000305175781
2019-06-17,81.0,73.19999694824219,80.19999694824219,78.19999694824219,50075.0,78.19999694824219
2019-06-18,80.5999984741211,76.80000305175781,79.0,79.5999984741211,33925.0,79.5999984741211
2019-06-19,80.5999984741211,77.0,79.4000015258789,77.4000015258789,19610.0,77.4000015258789
2019-06-20,81.0,77.19999694824219,78.0,80.0,12340.0,80.0
2019-06-21,84.80000305175781,77.5999984741211,80.0,80.0,52540.0,80.0
2019-06-24,84.19999694824219,75.0,80.0,75.80000305175781,23260.0,75.80000305175781
2019-06-25,78.4000015258789,73.0,76.0,73.4000015258789,15420.0,73.4000015258789
2019-06-26,77.0,73.0,74.0,74.5999984741211,25915.0,74.5999984741211
2019-06-27,77.80000305175781,71.5999984741211,75.0,72.0,61230.0,72.0
2019-06-28,78.19999694824219,71.80000305175781,71.80000305175781,74.4000015258789,443660.0,74.4000015258789
2019-07-01,81.4000015258789,75.0,75.0,79.0,60985.0,79.0
2019-07-02,79.19999694824219,76.5999984741211,79.0,78.4000015258789,21585.0,78.4000015258789
2019-07-03,78.19999694824219,73.4000015258789,78.19999694824219,74.4000015258789,28490.0,74.4000015258789
2019-07-05,75.5999984741211,73.0,75.0,73.19999694824219,25615.0,73.19999694824219
2019-07-08,76.5999984741211,70.80000305175781,73.5999984741211,71.5999984741211,61750.0,71.5999984741211
2019-07-09,72.5999984741211,69.5999984741211,71.5999984741211,72.0,137690.0,72.0
2019-07-10,75.5999984741211,72.5999984741211,72.5999984741211,74.80000305175781,65615.0,74.80000305175781
2019-07-11,75.80000305175781,74.19999694824219,74.4000015258789,74.80000305175781,80995.0,74.80000305175781
2019-07-12,75.19999694824219,73.19999694824219,74.4000015258789,74.5999984741211,42440.0,74.5999984741211
2019-07-15,77.19999694824219,72.80000305175781,75.0,76.19999694824219,28120.0,76.19999694824219
2019-07-16,75.5999984741211,68.0,75.4000015258789,68.19999694824219,122680.0,68.19999694824219
2019-07-17,68.80000305175781,67.5999984741211,68.0,68.0,23630.0,68.0
2019-07-18,67.80000305175781,62.0,67.4000015258789,63.20000076293945,92090.0,63.20000076293945
2019-07-19,71.80000305175781,63.599998474121094,64.4000015258789,70.80000305175781,84460.0,70.80000305175781
2019-07-22,74.80000305175781,70.4000015258789,71.19999694824219,73.19999694824219,42715.0,73.19999694824219
2019-07-23,74.19999694824219,71.19999694824219,73.4000015258789,72.80000305175781,48020.0,72.80000305175781
2019-07-24,73.5999984741211,71.19999694824219,71.4000015258789,73.0,44000.0,73.0
2019-07-25,74.19999694824219,69.80000305175781,73.19999694824219,70.5999984741211,24955.0,70.5999984741211
2019-07-26,71.4000015258789,69.0,70.5999984741211,71.19999694824219,14955.0,71.19999694824219
2019-07-29,72.19999694824219,66.0,71.0,66.80000305175781,29270.0,66.80000305175781
2019-07-30,66.4000015258789,65.0,66.0,66.0,82905.0,66.0
2019-07-31,66.4000015258789,64.0,65.4000015258789,64.19999694824219,63895.0,64.19999694824219
2019-08-01,73.5999984741211,59.20000076293945,68.0,60.0,99700.0,60.0
2019-08-02,60.400001525878906,58.20000076293945,60.0,59.20000076293945,54625.0,59.20000076293945
2019-08-05,60.20000076293945,58.0,59.0,59.599998474121094,49030.0,59.599998474121094
2019-08-06,61.20000076293945,57.20000076293945,59.79999923706055,58.20000076293945,39165.0,58.20000076293945
2019-08-07,57.79999923706055,55.0,57.79999923706055,56.20000076293945,36680.0,56.20000076293945
2019-08-08,57.599998474121094,55.20000076293945,56.79999923706055,56.599998474121094,57770.0,56.599998474121094
2019-08-09,58.599998474121094,55.0,57.0,55.599998474121094,25750.0,55.599998474121094
2019-08-12,56.599998474121094,51.79999923706055,55.79999923706055,52.400001525878906,45060.0,52.400001525878906
2019-08-13,55.20000076293945,51.599998474121094,53.0,54.400001525878906,32135.0,54.400001525878906
2019-08-14,54.0,50.0,54.0,51.0,38305.0,51.0
2019-08-15,52.400001525878906,50.0,51.20000076293945,51.400001525878906,30685.0,51.400001525878906
2019-08-16,55.400001525878906,52.0,52.0,55.0,29435.0,55.0
2019-08-19,54.599998474121094,50.599998474121094,54.599998474121094,51.599998474121094,41495.0,51.599998474121094
2019-08-20,53.599998474121094,50.20000076293945,50.79999923706055,52.0,28695.0,52.0
2019-08-21,53.0,50.599998474121094,52.400001525878906,51.400001525878906,18705.0,51.400001525878906
2019-08-22,52.20000076293945,50.0,52.20000076293945,50.20000076293945,20660.0,50.20000076293945
2019-08-23,50.400001525878906,45.400001525878906,50.0,46.0,40395.0,46.0
2019-08-26,47.400001525878906,45.20000076293945,46.0,45.599998474121094,24685.0,45.599998474121094
2019-08-27,47.79999923706055,43.79999923706055,46.79999923706055,44.599998474121094,50510.0,44.599998474121094
2019-08-28,47.20000076293945,43.599998474121094,44.400001525878906,46.20000076293945,44310.0,46.20000076293945
2019-08-29,48.400001525878906,45.79999923706055,46.599998474121094,47.599998474121094,62665.0,47.599998474121094
2019-08-30,48.400001525878906,45.79999923706055,47.79999923706055,46.20000076293945,16950.0,46.20000076293945
2019-09-03,46.20000076293945,44.20000076293945,45.400001525878906,44.400001525878906,55110.0,44.400001525878906
2019-09-04,46.599998474121094,45.0,45.0,46.0,24305.0,46.0
2019-09-05,49.20000076293945,46.20000076293945,46.20000076293945,48.400001525878906,33340.0,48.400001525878906
2019-09-06,48.400001525878906,46.20000076293945,48.400001525878906,48.0,30715.0,48.0
2019-09-09,52.79999923706055,48.0,49.0,51.79999923706055,70720.0,51.79999923706055
2019-09-10,54.599998474121094,49.599998474121094,51.400001525878906,54.20000076293945,49800.0,54.20000076293945
2019-09-11,56.79999923706055,54.0,54.0,56.400001525878906,29775.0,56.400001525878906
2019-09-12,56.79999923706055,53.79999923706055,56.400001525878906,56.0,26270.0,56.0
2019-09-13,58.20000076293945,55.599998474121094,56.20000076293945,56.79999923706055,25885.0,56.79999923706055
2019-09-16,63.0,59.20000076293945,60.0,61.400001525878906,51220.0,61.400001525878906
2019-09-17,63.400001525878906,59.400001525878906,62.20000076293945,62.599998474121094,32910.0,62.599998474121094
2019-09-18,63.0,59.0,62.79999923706055,60.0,42110.0,60.0
2019-09-19,60.20000076293945,56.0,59.79999923706055,58.79999923706055,24060.0,58.79999923706055
2019-09-20,61.0,57.79999923706055,58.79999923706055,60.599998474121094,55945.0,60.599998474121094
2019-09-23,60.79999923706055,57.20000076293945,60.79999923706055,58.79999923706055,30985.0,58.79999923706055
2019-09-24,59.400001525878906,54.0,58.0,56.0,62420.0,56.0
2019-09-25,58.0,54.599998474121094,55.20000076293945,57.0,19290.0,57.0
2019-09-26,58.400001525878906,55.599998474121094,57.79999923706055,58.0,20360.0,58.0
2019-09-27,60.0,57.400001525878906,58.400001525878906,58.79999923706055,45810.0,58.79999923706055
2019-09-30,58.0,53.0,57.599998474121094,56.599998474121094,33575.0,56.599998474121094
2019-10-01,57.400001525878906,50.0,57.400001525878906,51.599998474121094,49715.0,51.599998474121094
2019-10-02,52.0,46.20000076293945,51.400001525878906,49.400001525878906,234725.0,49.400001525878906
2019-10-03,50.0,48.0,50.0,49.20000076293945,13400.0,49.20000076293945
2019-10-04,52.20000076293945,47.20000076293945,49.599998474121094,50.599998474121094,33115.0,50.599998474121094
2019-10-07,51.20000076293945,49.400001525878906,51.20000076293945,49.79999923706055,20955.0,49.79999923706055
2019-10-08,49.400001525878906,48.0,48.400001525878906,48.0,22695.0,48.0
2019-10-09,49.400001525878906,47.0,47.79999923706055,48.599998474121094,28875.0,48.599998474121094
2019-10-10,50.20000076293945,46.79999923706055,49.599998474121094,48.20000076293945,21960.0,48.20000076293945
2019-10-11,50.400001525878906,48.20000076293945,48.599998474121094,49.0,20065.0,49.0
2019-10-14,49.400001525878906,47.79999923706055,49.20000076293945,48.599998474121094,14205.0,48.599998474121094
2019-10-15,48.400001525878906,44.599998474121094,48.400001525878906,45.0,32510.0,45.0
2019-10-16,46.599998474121094,44.400001525878906,44.400001525878906,45.79999923706055,23270.0,45.79999923706055
2019-10-17,46.20000076293945,43.79999923706055,45.79999923706055,45.20000076293945,24790.0,45.20000076293945
2019-10-18,45.79999923706055,44.400001525878906,45.0,45.599998474121094,8905.0,45.599998474121094
2019-10-21,47.599998474121094,45.400001525878906,46.0,47.0,6320.0,47.0
2019-10-22,49.79999923706055,46.20000076293945,47.0,49.20000076293945,10050.0,49.20000076293945
2019-10-23,49.599998474121094,47.20000076293945,49.400001525878906,48.20000076293945,14910.0,48.20000076293945
2019-10-24,48.400001525878906,47.400001525878906,48.400001525878906,48.0,11545.0,48.0
2019-10-25,49.79999923706055,47.400001525878906,48.0,48.79999923706055,4880.0,48.79999923706055
2019-10-28,50.599998474121094,47.400001525878906,49.599998474121094,47.599998474121094,16465.0,47.599998474121094
2019-10-29,48.400001525878906,45.400001525878906,47.599998474121094,46.0,16070.0,46.0
2019-10-30,48.20000076293945,44.400001525878906,46.0,46.599998474121094,18720.0,46.599998474121094
2019-10-31,45.599998474121094,43.599998474121094,45.599998474121094,44.0,72210.0,44.0
2019-11-01,46.20000076293945,43.400001525878906,43.599998474121094,45.599998474121094,12945.0,45.599998474121094
2019-11-04,48.599998474121094,45.0,46.79999923706055,46.20000076293945,27235.0,46.20000076293945
2019-11-05,46.599998474121094,44.20000076293945,46.20000076293945,45.400001525878906,57430.0,45.400001525878906
2019-11-06,45.20000076293945,43.0,44.79999923706055,43.79999923706055,55075.0,43.79999923706055
2019-11-07,45.400001525878906,42.0,44.599998474121094,44.0,202615.0,44.0
2019-11-08,44.0,42.0,44.0,42.0,28990.0,42.0
2019-11-11,43.0,39.79999923706055,42.400001525878906,40.0,23415.0,40.0
2019-11-12,42.599998474121094,40.0,40.20000076293945,40.20000076293945,61960.0,40.20000076293945
2019-11-13,41.20000076293945,36.20000076293945,39.79999923706055,38.0,126615.0,38.0
2019-11-14,39.0,37.20000076293945,37.599998474121094,38.20000076293945,25970.0,38.20000076293945
2019-11-15,39.599998474121094,37.79999923706055,38.400001525878906,38.79999923706055,12875.0,38.79999923706055
2019-11-18,38.599998474121094,34.79999923706055,38.599998474121094,35.0,120695.0,35.0
2019-11-19,35.20000076293945,33.599998474121094,35.20000076293945,33.79999923706055,33940.0,33.79999923706055
2019-11-20,36.400001525878906,32.599998474121094,33.599998474121094,36.0,68020.0,36.0
2019-11-21,40.599998474121094,34.20000076293945,36.400001525878906,38.79999923706055,56005.0,38.79999923706055
2019-11-22,39.20000076293945,37.0,38.599998474121094,37.79999923706055,24395.0,37.79999923706055
2019-11-25,38.79999923706055,37.0,38.0,37.400001525878906,15190.0,37.400001525878906
2019-11-26,39.0,36.599998474121094,36.79999923706055,37.20000076293945,14165.0,37.20000076293945
2019-11-27,39.599998474121094,36.79999923706055,37.599998474121094,38.79999923706055,18795.0,38.79999923706055
2019-11-29,40.0,38.0,39.0,38.599998474121094,9825.0,38.599998474121094
2019-12-02,39.599998474121094,36.599998474121094,39.0,37.599998474121094,15290.0,37.599998474121094
2019-12-03,38.599998474121094,36.20000076293945,37.400001525878906,37.20000076293945,14720.0,37.20000076293945
2019-12-04,43.400001525878906,37.79999923706055,38.599998474121094,41.20000076293945,31715.0,41.20000076293945
2019-12-05,43.599998474121094,40.0,41.0,40.20000076293945,12805.0,40.20000076293945
2019-12-06,41.20000076293945,40.0,40.20000076293945,40.79999923706055,10865.0,40.79999923706055
2019-12-09,45.400001525878906,40.79999923706055,41.400001525878906,44.79999923706055,31000.0,44.79999923706055
2019-12-10,49.20000076293945,44.79999923706055,45.0,49.20000076293945,45680.0,49.20000076293945
2019-12-11,52.599998474121094,47.599998474121094,48.400001525878906,51.79999923706055,47285.0,51.79999923706055
2019-12-12,53.599998474121094,50.0,52.0,51.79999923706055,42440.0,51.79999923706055
2019-12-13,53.400001525878906,50.599998474121094,51.79999923706055,53.0,20535.0,53.0
2019-12-16,57.79999923706055,53.20000076293945,53.20000076293945,57.0,37935.0,57.0
2019-12-17,58.79999923706055,54.20000076293945,58.0,54.599998474121094,66275.0,54.599998474121094
2019-12-18,54.79999923706055,52.20000076293945,54.0,52.400001525878906,45500.0,52.400001525878906
2019-12-19,53.599998474121094,49.20000076293945,53.0,50.79999923706055,59610.0,50.79999923706055
2019-12-20,51.20000076293945,49.400001525878906,50.79999923706055,50.0,28870.0,50.0
2019-12-23,54.599998474121094,49.20000076293945,50.79999923706055,54.0,19845.0,54.0
2019-12-24,55.400001525878906,53.400001525878906,54.0,54.400001525878906,13765.0,54.400001525878906
2019-12-26,58.0,53.79999923706055,53.79999923706055,58.0,10835.0,58.0
2019-12-27,59.599998474121094,57.0,58.400001525878906,59.599998474121094,19960.0,59.599998474121094
2019-12-30,59.599998474121094,55.599998474121094,59.599998474121094,56.400001525878906,18880.0,56.400001525878906
2019-12-31,58.20000076293945,55.79999923706055,56.400001525878906,57.20000076293945,21275.0,57.20000076293945
2020-01-02,58.599998474121094,53.0,58.599998474121094,54.79999923706055,14455.0,54.79999923706055
2020-01-03,55.20000076293945,52.20000076293945,54.400001525878906,54.0,15705.0,54.0
2020-01-06,55.20000076293945,53.20000076293945,54.20000076293945,54.0,10145.0,54.0
2020-01-07,55.599998474121094,52.599998474121094,53.599998474121094,55.400001525878906,12540.0,55.400001525878906
2020-01-08,55.79999923706055,53.0,55.20000076293945,55.599998474121094,29835.0,55.599998474121094
2020-01-09,57.0,54.0,55.599998474121094,56.20000076293945,14510.0,56.20000076293945
2020-01-10,57.599998474121094,55.79999923706055,57.0,57.599998474121094,21610.0,57.599998474121094
2020-01-13,57.400001525878906,53.599998474121094,57.400001525878906,54.79999923706055,17210.0,54.79999923706055
2020-01-14,56.400001525878906,51.400001525878906,56.400001525878906,54.0,20980.0,54.0
2020-01-15,57.0,52.20000076293945,53.79999923706055,56.400001525878906,113310.0,56.400001525878906
2020-01-16,58.599998474121094,56.400001525878906,57.599998474121094,57.0,11975.0,57.0
2020-01-17,58.0,51.20000076293945,58.0,53.0,14105.0,53.0
2020-01-21,53.20000076293945,42.20000076293945,53.20000076293945,46.20000076293945,21625.0,46.20000076293945
2020-01-22,46.400001525878906,44.599998474121094,46.20000076293945,45.0,25655.0,45.0
2020-01-23,44.0,41.599998474121094,44.0,42.599998474121094,63935.0,42.599998474121094
2020-01-24,43.20000076293945,40.0,43.0,41.20000076293945,111450.0,41.20000076293945
2020-01-27,42.400001525878906,40.0,41.20000076293945,42.20000076293945,13215.0,42.20000076293945
2020-01-28,44.0,42.0,42.400001525878906,44.0,18665.0,44.0
2020-01-29,44.20000076293945,40.599998474121094,44.20000076293945,41.0,16720.0,41.0
2020-01-30,42.20000076293945,40.0,41.20000076293945,42.20000076293945,17715.0,42.20000076293945
2020-01-31,42.400001525878906,39.400001525878906,42.400001525878906,41.599998474121094,28125.0,41.599998474121094
2020-02-03,43.400001525878906,39.599998474121094,41.79999923706055,40.79999923706055,13945.0,40.79999923706055
2020-02-04,42.599998474121094,41.0,41.20000076293945,41.400001525878906,7465.0,41.400001525878906
2020-02-05,44.20000076293945,41.79999923706055,41.79999923706055,44.20000076293945,11065.0,44.20000076293945
2020-02-06,44.599998474121094,40.20000076293945,44.20000076293945,41.0,13460.0,41.0
2020-02-07,42.400001525878906,39.20000076293945,40.79999923706055,39.20000076293945,14150.0,39.20000076293945
2020-02-10,40.0,38.400001525878906,39.20000076293945,39.599998474121094,18160.0,39.599998474121094
2020-02-11,41.599998474121094,40.0,41.0,41.400001525878906,9160.0,41.400001525878906
2020-02-12,43.599998474121094,40.0,42.400001525878906,42.20000076293945,14945.0,42.20000076293945
2020-02-13,43.0,40.599998474121094,42.20000076293945,41.0,5840.0,41.0
2020-02-14,41.0,37.400001525878906,40.79999923706055,39.599998474121094,95040.0,39.599998474121094
2020-02-18,41.20000076293945,38.20000076293945,40.0,38.599998474121094,14375.0,38.599998474121094
2020-02-19,41.0,39.0,39.0,40.400001525878906,16620.0,40.400001525878906
2020-02-20,41.0,39.400001525878906,40.400001525878906,40.20000076293945,16325.0,40.20000076293945
2020-02-21,40.400001525878906,37.0,40.400001525878906,37.400001525878906,19670.0,37.400001525878906
2020-02-24,37.0,33.599998474121094,36.20000076293945,34.20000076293945,59055.0,34.20000076293945
2020-02-25,34.400001525878906,33.79999923706055,34.400001525878906,33.79999923706055,38205.0,33.79999923706055
2020-02-26,34.0,30.399999618530273,33.79999923706055,32.400001525878906,44280.0,32.400001525878906
2020-02-27,36.0,28.600000381469727,30.200000762939453,28.799999237060547,54540.0,28.799999237060547
2020-02-28,34.79999923706055,28.0,28.0,29.200000762939453,53555.0,29.200000762939453
2020-03-02,30.200000762939453,27.600000381469727,29.200000762939453,28.799999237060547,30250.0,28.799999237060547
2020-03-03,33.599998474121094,28.799999237060547,30.0,29.399999618530273,30205.0,29.399999618530273
2020-03-04,32.79999923706055,28.600000381469727,30.0,31.0,19315.0,31.0
2020-03-05,31.399999618530273,27.799999237060547,30.399999618530273,28.0,24690.0,28.0
2020-03-06,28.600000381469727,25.799999237060547,27.799999237060547,26.0,20480.0,26.0
2020-03-09,24.399999618530273,20.0,22.0,20.200000762939453,35460.0,20.200000762939453
2020-03-10,22.399999618530273,19.200000762939453,22.0,21.200000762939453,30095.0,21.200000762939453
2020-03-11,22.200000762939453,20.0,21.200000762939453,20.399999618530273,24160.0,20.399999618530273
2020-03-12,21.0,17.200000762939453,19.200000762939453,20.600000381469727,33740.0,20.600000381469727
2020-03-13,23.600000381469727,17.799999237060547,20.399999618530273,23.600000381469727,26455.0,23.600000381469727
2020-03-16,23.0,19.799999237060547,20.0,20.600000381469727,17970.0,20.600000381469727
2020-03-17,21.0,19.200000762939453,21.0,20.0,34725.0,20.0
2020-03-18,19.600000381469727,15.0,19.0,16.0,25335.0,16.0
2020-03-19,20.0,15.0,16.200000762939453,19.0,56865.0,19.0
2020-03-20,18.799999237060547,15.0,18.399999618530273,18.0,94075.0,18.0
2020-03-23,19.399999618530273,16.0,18.0,17.0,5035.0,17.0
2020-03-24,19.0,16.399999618530273,16.399999618530273,18.799999237060547,10240.0,18.799999237060547
2020-03-25,19.0,15.0,18.399999618530273,16.0,28835.0,16.0
2020-03-26,16.600000381469727,15.199999809265137,16.600000381469727,15.600000381469727,10060.0,15.600000381469727
2020-03-27,15.199999809265137,11.199999809265137,15.199999809265137,11.399999618530273,26715.0,11.399999618530273
2020-03-30,15.0,12.800000190734863,14.800000190734863,13.800000190734863,10060.0,13.800000190734863
2020-03-31,15.199999809265137,12.399999618530273,13.600000381469727,15.0,22665.0,15.0
2020-04-01,14.800000190734863,12.399999618530273,14.800000190734863,13.399999618530273,6150.0,13.399999618530273
2020-04-02,15.399999618530273,13.199999809265137,13.199999809265137,13.800000190734863,9200.0,13.800000190734863
2020-04-03,14.600000381469727,13.199999809265137,14.199999809265137,13.399999618530273,20110.0,13.399999618530273
2020-04-06,15.199999809265137,13.600000381469727,13.800000190734863,14.0,15325.0,14.0
2020-04-07,14.399999618530273,13.600000381469727,14.0,14.0,87750.0,14.0
2020-04-08,17.0,13.600000381469727,14.399999618530273,16.200000762939453,16720.0,16.200000762939453
2020-04-09,17.0,14.199999809265137,16.0,16.600000381469727,14880.0,16.600000381469727
2020-04-13,17.799999237060547,15.0,16.600000381469727,15.0,7425.0,15.0
2020-04-14,16.200000762939453,13.600000381469727,15.0,13.800000190734863,10550.0,13.800000190734863
2020-04-15,14.800000190734863,12.199999809265137,14.0,13.0,10290.0,13.0
2020-04-16,14.0,12.199999809265137,13.0,13.399999618530273,11600.0,13.399999618530273
2020-04-17,14.0,12.399999618530273,13.399999618530273,13.800000190734863,11340.0,13.800000190734863
2020-04-20,14.0,11.399999618530273,13.600000381469727,11.600000381469727,36450.0,11.600000381469727
2020-04-21,12.199999809265137,10.600000381469727,12.199999809265137,10.800000190734863,21140.0,10.800000190734863
2020-04-22,11.800000190734863,10.600000381469727,11.600000381469727,11.399999618530273,50455.0,11.399999618530273
2020-04-23,13.800000190734863,11.600000381469727,12.0,12.600000381469727,114880.0,12.600000381469727
2020-04-24,14.399999618530273,13.199999809265137,13.399999618530273,14.0,24940.0,14.0
2020-04-27,14.399999618530273,13.199999809265137,14.399999618530273,14.0,16495.0,14.0
2020-04-28,15.0,13.600000381469727,14.399999618530273,14.800000190734863,24775.0,14.800000190734863
2020-04-29,16.600000381469727,15.0,15.199999809265137,16.200000762939453,24965.0,16.200000762939453
2020-04-30,16.399999618530273,15.0,16.200000762939453,15.199999809265137,13320.0,15.199999809265137
2020-05-01,15.600000381469727,12.399999618530273,15.199999809265137,13.0,24670.0,13.0
2020-05-04,13.800000190734863,12.199999809265137,13.800000190734863,12.199999809265137,25985.0,12.199999809265137
2020-05-05,13.399999618530273,12.399999618530273,12.800000190734863,13.199999809265137,24615.0,13.199999809265137
2020-05-06,13.399999618530273,11.800000190734863,13.399999618530273,12.399999618530273,28385.0,12.399999618530273
2020-05-07,13.600000381469727,12.399999618530273,13.399999618530273,13.0,15070.0,13.0
2020-05-08,13.600000381469727,12.199999809265137,13.0,13.0,10195.0,13.0
2020-05-11,13.600000381469727,12.199999809265137,13.399999618530273,12.199999809265137,17625.0,12.199999809265137
2020-05-12,12.600000381469727,11.399999618530273,12.199999809265137,11.600000381469727,27005.0,11.600000381469727
2020-05-13,12.0,10.600000381469727,11.600000381469727,10.800000190734863,27065.0,10.800000190734863
2020-05-14,11.600000381469727,9.399999618530273,10.800000190734863,10.600000381469727,28390.0,10.600000381469727
2020-05-15,11.199999809265137,10.399999618530273,11.199999809265137,10.800000190734863,29410.0,10.800000190734863
2020-05-18,12.600000381469727,11.199999809265137,12.399999618530273,12.199999809265137,39830.0,12.199999809265137
2020-05-19,12.800000190734863,11.600000381469727,11.600000381469727,12.0,22125.0,12.0
2020-05-20,13.199999809265137,11.800000190734863,12.800000190734863,12.600000381469727,18455.0,12.600000381469727
2020-05-21,13.199999809265137,12.199999809265137,12.800000190734863,12.399999618530273,10950.0,12.399999618530273
2020-05-22,13.199999809265137,11.600000381469727,12.399999618530273,11.800000190734863,14455.0,11.800000190734863
2020-05-26,13.199999809265137,12.0,12.399999618530273,12.800000190734863,30955.0,12.800000190734863
2020-05-27,13.600000381469727,12.399999618530273,13.600000381469727,13.0,16310.0,13.0
2020-05-28,13.399999618530273,12.399999618530273,13.199999809265137,12.600000381469727,19475.0,12.600000381469727
2020-05-29,13.800000190734863,12.199999809265137,12.600000381469727,13.800000190734863,29890.0,13.800000190734863
2020-06-01,13.600000381469727,12.399999618530273,13.399999618530273,12.600000381469727,28755.0,12.600000381469727
2020-06-02,13.600000381469727,12.800000190734863,13.0,13.0,18360.0,13.0
2020-06-03,14.399999618530273,13.0,13.199999809265137,13.600000381469727,61900.0,13.600000381469727
2020-06-04,16.0,13.800000190734863,14.0,15.800000190734863,38780.0,15.800000190734863
2020-06-05,19.799999237060547,17.0,18.600000381469727,19.0,54965.0,19.0
2020-06-08,23.399999618530273,20.200000762939453,22.0,21.600000381469727,64335.0,21.600000381469727
2020-06-09,22.799999237060547,18.600000381469727,22.799999237060547,18.799999237060547,47450.0,18.799999237060547
2020-06-10,21.799999237060547,15.0,20.200000762939453,15.0,63900.0,15.0
2020-06-11,15.199999809265137,13.199999809265137,14.0,13.600000381469727,39020.0,13.600000381469727
2020-06-12,16.399999618530273,14.399999618530273,15.0,15.0,38405.0,15.0
2020-06-15,19.799999237060547,13.399999618530273,15.0,16.600000381469727,37600.0,16.600000381469727
2020-06-16,19.0,15.399999618530273,17.600000381469727,15.600000381469727,29835.0,15.600000381469727
2020-06-17,16.399999618530273,15.0,16.399999618530273,15.199999809265137,16940.0,15.199999809265137
2020-06-18,15.0,14.0,14.600000381469727,14.199999809265137,29465.0,14.199999809265137
2020-06-19,15.399999618530273,14.0,15.0,14.0,29080.0,14.0
2020-06-22,14.199999809265137,13.399999618530273,14.0,14.0,27830.0,14.0
2020-06-23,14.600000381469727,13.399999618530273,14.199999809265137,13.800000190734863,21980.0,13.800000190734863
2020-06-24,13.800000190734863,12.0,13.600000381469727,12.399999618530273,55015.0,12.399999618530273
2020-06-25,12.600000381469727,12.0,12.199999809265137,12.0,34825.0,12.0
2020-06-26,12.800000190734863,11.0,12.0,12.0,278985.0,12.0
2020-06-29,12.800000190734863,12.0,12.399999618530273,12.199999809265137,15410.0,12.199999809265137
2020-06-30,12.800000190734863,11.0,11.199999809265137,12.600000381469727,27950.0,12.600000381469727
2020-07-01,13.960000038146973,11.029999732971191,12.579999923706055,11.039999961853027,52000.0,11.039999961853027
2020-07-02,11.600000381469727,11.010000228881836,11.449999809265137,11.25,34700.0,11.25
2020-07-06,11.970000267028809,11.239999771118164,11.300000190734863,11.789999961853027,22300.0,11.789999961853027
2020-07-07,13.550000190734863,11.619999885559082,11.619999885559082,13.279999732971191,64000.0,13.279999732971191
2020-07-08,13.529999732971191,12.359999656677246,13.390000343322754,12.609999656677246,20500.0,12.609999656677246
2020-07-09,12.6899995803833,11.649999618530273,12.5,11.869999885559082,25900.0,11.869999885559082
2020-07-10,12.300000190734863,11.5600004196167,11.949999809265137,12.039999961853027,21800.0,12.039999961853027
2020-07-13,12.300000190734863,11.90999984741211,12.069999694824219,12.0600004196167,19000.0,12.0600004196167
2020-07-14,12.300000190734863,11.8100004196167,11.880000114440918,12.039999961853027,15900.0,12.039999961853027
2020-07-15,15.529999732971191,12.390000343322754,12.420000076293945,13.539999961853027,114900.0,13.539999961853027
2020-07-16,14.130000114440918,13.079999923706055,13.270000457763672,13.25,27000.0,13.25
2020-07-17,13.510000228881836,12.5,13.180000305175781,12.569999694824219,17200.0,12.569999694824219
2020-07-20,13.550000190734863,12.550000190734863,12.569999694824219,13.010000228881836,15800.0,13.010000228881836
2020-07-21,13.979999542236328,13.0,13.0,13.600000381469727,16600.0,13.600000381469727
2020-07-22,13.680000305175781,12.760000228881836,13.420000076293945,13.199999809265137,18500.0,13.199999809265137
2020-07-23,13.970000267028809,13.5,13.5,13.680000305175781,54800.0,13.680000305175781
2020-07-24,14.0,13.100000381469727,13.710000038146973,13.100000381469727,59300.0,13.100000381469727
2020-07-27,13.710000038146973,12.710000038146973,13.270000457763672,12.789999961853027,35900.0,12.789999961853027
2020-07-28,13.369999885559082,12.109999656677246,12.75,12.109999656677246,78400.0,12.109999656677246
2020-07-29,13.300000190734863,12.600000381469727,13.300000190734863,12.699999809265137,55500.0,12.699999809265137
2020-07-30,14.829999923706055,13.319999694824219,13.800000190734863,14.300000190734863,106900.0,14.300000190734863
2020-07-31,14.350000381469727,13.350000381469727,14.300000190734863,13.5600004196167,34700.0,13.5600004196167
2020-08-03,14.699999809265137,13.239999771118164,13.489999771118164,14.4399995803833,20300.0,14.4399995803833
2020-08-04,15.600000381469727,14.5,14.630000114440918,15.369999885559082,33400.0,15.369999885559082
2020-08-05,17.399999618530273,15.5600004196167,15.5600004196167,16.600000381469727,116800.0,16.600000381469727
2020-08-06,17.0,13.710000038146973,16.739999771118164,13.90999984741211,70100.0,13.90999984741211
2020-08-07,14.6899995803833,13.510000228881836,14.350000381469727,13.75,32400.0,13.75
2020-08-10,14.569999694824219,13.210000038146973,14.569999694824219,13.420000076293945,46800.0,13.420000076293945
2020-08-11,14.699999809265137,13.819999694824219,14.020000457763672,13.829999923706055,47600.0,13.829999923706055
2020-08-12,13.960000038146973,13.65999984741211,13.850000381469727,13.65999984741211,11900.0,13.65999984741211
2020-08-13,13.800000190734863,13.289999961853027,13.670000076293945,13.40999984741211,29900.0,13.40999984741211
2020-08-14,13.960000038146973,13.569999694824219,13.880000114440918,13.65999984741211,63300.0,13.65999984741211
2020-08-17,13.989999771118164,12.850000381469727,13.800000190734863,13.239999771118164,65600.0,13.239999771118164
2020-08-18,13.6899995803833,12.960000038146973,12.960000038146973,13.680000305175781,26200.0,13.680000305175781
2020-08-19,13.630000114440918,13.15999984741211,13.5,13.350000381469727,24600.0,13.350000381469727
2020-08-20,13.520000457763672,13.210000038146973,13.350000381469727,13.449999809265137,36000.0,13.449999809265137
2020-08-21,13.649999618530273,13.3100004196167,13.430000305175781,13.4399995803833,32400.0,13.4399995803833
2020-08-24,13.619999885559082,13.34000015258789,13.430000305175781,13.359999656677246,8500.0,13.359999656677246
2020-08-25,13.649999618530273,13.1899995803833,13.609999656677246,13.1899995803833,7800.0,13.1899995803833
2020-08-26,13.390000343322754,12.760000228881836,13.390000343322754,12.920000076293945,16000.0,12.920000076293945
2020-08-27,13.140000343322754,12.6899995803833,13.0,12.710000038146973,13700.0,12.710000038146973
2020-08-28,12.920000076293945,12.600000381469727,12.720000267028809,12.710000038146973,18400.0,12.710000038146973
2020-08-31,13.25,12.859999656677246,12.859999656677246,13.15999984741211,42000.0,13.15999984741211
2020-09-01,13.09000015258789,12.75,12.75,12.850000381469727,17000.0,12.850000381469727
2020-09-02,13.829999923706055,12.800000190734863,12.829999923706055,13.829999923706055,47300.0,13.829999923706055
2020-09-03,13.890000343322754,13.0,13.65999984741211,13.300000190734863,45800.0,13.300000190734863
2020-09-04,13.449999809265137,12.699999809265137,13.449999809265137,12.899999618530273,33700.0,12.899999618530273
2020-09-08,13.270000457763672,12.5,12.520000457763672,12.800000190734863,17400.0,12.800000190734863
2020-09-09,13.0,12.239999771118164,13.0,12.40999984741211,18700.0,12.40999984741211
2020-09-10,12.539999961853027,12.149999618530273,12.40999984741211,12.149999618530273,45400.0,12.149999618530273
2020-09-11,12.220000267028809,11.859999656677246,12.220000267028809,11.989999771118164,58300.0,11.989999771118164
2020-09-14,12.460000038146973,12.050000190734863,12.079999923706055,12.050000190734863,11100.0,12.050000190734863
2020-09-15,12.449999809265137,11.600000381469727,12.449999809265137,11.670000076293945,43700.0,11.670000076293945
2020-09-16,12.5,11.90999984741211,12.15999984741211,12.319999694824219,15200.0,12.319999694824219
2020-09-17,12.5,11.789999961853027,11.949999809265137,12.5,5500.0,12.5
2020-09-18,12.40999984741211,11.979999542236328,12.40999984741211,11.979999542236328,39200.0,11.979999542236328
2020-09-21,12.010000228881836,11.449999809265137,11.640000343322754,11.699999809265137,13100.0,11.699999809265137
2020-09-22,11.890000343322754,11.399999618530273,11.789999961853027,11.539999961853027,24900.0,11.539999961853027
2020-09-23,11.75,11.25,11.5600004196167,11.25,17300.0,11.25
2020-09-24,11.40999984741211,10.449999809265137,11.149999618530273,11.010000228881836,16000.0,11.010000228881836
2020-09-25,11.270000457763672,10.760000228881836,10.760000228881836,11.100000381469727,6200.0,11.100000381469727
2020-09-28,11.489999771118164,10.930000305175781,11.350000381469727,10.930000305175781,6000.0,10.930000305175781
2020-09-29,11.289999961853027,10.90999984741211,11.199999809265137,11.010000228881836,6800.0,11.010000228881836
2020-09-30,11.289999961853027,10.850000381469727,11.0,11.109999656677246,17500.0,11.109999656677246
2020-10-01,11.199999809265137,10.699999809265137,11.130000114440918,10.699999809265137,9700.0,10.699999809265137
2020-10-02,11.15999984741211,10.59000015258789,10.59000015258789,10.800000190734863,24900.0,10.800000190734863
2020-10-05,11.300000190734863,10.760000228881836,10.899999618530273,11.010000228881836,18500.0,11.010000228881836
2020-10-06,11.300000190734863,10.680000305175781,11.100000381469727,10.699999809265137,28600.0,10.699999809265137
2020-10-07,10.930000305175781,10.390000343322754,10.829999923706055,10.710000038146973,17900.0,10.710000038146973
2020-10-08,10.949999809265137,10.260000228881836,10.699999809265137,10.489999771118164,165000.0,10.489999771118164
2020-10-09,11.079999923706055,10.399999618530273,11.079999923706055,10.4399995803833,35600.0,10.4399995803833
2020-10-12,10.579999923706055,10.260000228881836,10.5,10.3100004196167,22400.0,10.3100004196167
2020-10-13,10.609999656677246,10.149999618530273,10.319999694824219,10.569999694824219,46600.0,10.569999694824219
2020-10-14,10.729999542236328,10.319999694824219,10.319999694824219,10.489999771118164,30500.0,10.489999771118164
2020-10-15,10.470000267028809,10.149999618530273,10.420000076293945,10.149999618530273,29000.0,10.149999618530273
2020-10-16,10.359999656677246,10.050000190734863,10.149999618530273,10.0600004196167,27400.0,10.0600004196167
2020-10-19,10.350000381469727,9.510000228881836,10.199999809265137,9.550000190734863,116700.0,9.550000190734863
2020-10-20,10.0600004196167,9.550000190734863,9.59000015258789,9.710000038146973,28100.0,9.710000038146973
2020-10-21,10.140000343322754,9.619999885559082,10.140000343322754,9.65999984741211,18200.0,9.65999984741211
2020-10-22,10.069999694824219,9.75,9.800000190734863,9.9399995803833,53300.0,9.9399995803833
2020-10-23,10.130000114440918,9.739999771118164,10.029999732971191,10.069999694824219,22800.0,10.069999694824219
2020-10-26,10.050000190734863,9.890000343322754,9.989999771118164,10.010000228881836,20600.0,10.010000228881836
2020-10-27,9.890000343322754,9.720000267028809,9.890000343322754,9.760000228881836,19700.0,9.760000228881836
2020-10-28,9.800000190734863,9.5,9.59000015258789,9.600000381469727,33200.0,9.600000381469727
2020-10-29,9.770000457763672,9.4399995803833,9.510000228881836,9.630000114440918,13700.0,9.630000114440918
2020-10-30,9.930000305175781,9.460000038146973,9.630000114440918,9.649999618530273,8900.0,9.649999618530273
2020-11-02,10.0,9.649999618530273,9.720000267028809,9.649999618530273,18000.0,9.649999618530273
2020-11-03,10.1899995803833,9.699999809265137,9.770000457763672,9.890000343322754,39400.0,9.890000343322754
2020-11-04,10.109999656677246,9.600000381469727,9.9399995803833,10.029999732971191,150200.0,10.029999732971191
2020-11-05,31.899999618530273,16.719999313354492,18.270000457763672,30.540000915527344,12016400.0,30.540000915527344
2020-11-06,32.4900016784668,26.520000457763672,28.510000228881836,29.25,851800.0,29.25
2020-11-09,35.0,31.520000457763672,31.709999084472656,33.25,310700.0,33.25
2020-11-10,36.5,33.150001525878906,33.150001525878906,35.81999969482422,188700.0,35.81999969482422
2020-11-11,36.47999954223633,31.75,35.779998779296875,33.56999969482422,209200.0,33.56999969482422
2020-11-12,33.59000015258789,32.380001068115234,33.5,32.65999984741211,61700.0,32.65999984741211
2020-11-13,33.63999938964844,32.7400016784668,32.880001068115234,33.380001068115234,61900.0,33.380001068115234
2020-11-16,35.5,34.0099983215332,34.029998779296875,34.9900016784668,67700.0,34.9900016784668
2020-11-17,38.0,34.88999938964844,35.11000061035156,38.0,94200.0,38.0
2020-11-18,40.88999938964844,38.099998474121094,39.209999084472656,39.84000015258789,129200.0,39.84000015258789
2020-11-19,39.61000061035156,37.04999923706055,39.61000061035156,37.970001220703125,92300.0,37.970001220703125
2020-11-20,39.060001373291016,37.189998626708984,39.060001373291016,37.36000061035156,89000.0,37.36000061035156
2020-11-23,39.20000076293945,37.36000061035156,37.36000061035156,38.36000061035156,156200.0,38.36000061035156
2020-11-24,44.0,39.220001220703125,39.5,39.880001068115234,140200.0,39.880001068115234
2020-11-25,42.880001068115234,39.880001068115234,42.43000030517578,40.45000076293945,103300.0,40.45000076293945
2020-11-27,41.779998779296875,39.619998931884766,40.810001373291016,40.0,27100.0,40.0
2020-11-30,40.45000076293945,39.04999923706055,39.900001525878906,39.119998931884766,82100.0,39.119998931884766
2020-12-01,40.56999969482422,36.02000045776367,39.68000030517578,37.5099983215332,57900.0,37.5099983215332
2020-12-02,39.25,37.0,37.689998626708984,39.25,55500.0,39.25
2020-12-03,41.619998931884766,39.72999954223633,39.72999954223633,41.0099983215332,80500.0,41.0099983215332
2020-12-04,50.939998626708984,41.79999923706055,42.0,49.65999984741211,354000.0,49.65999984741211
2020-12-07,50.0,46.16999816894531,50.0,46.290000915527344,69200.0,46.290000915527344
2020-12-08,46.5099983215332,44.0099983215332,46.400001525878906,44.36000061035156,76100.0,44.36000061035156
2020-12-09,46.9900016784668,42.86000061035156,44.72999954223633,42.869998931884766,51500.0,42.869998931884766
2020-12-10,49.0099983215332,45.599998474121094,45.599998474121094,48.34000015258789,118600.0,48.34000015258789
2020-12-11,48.75,45.54999923706055,48.380001068115234,45.9900016784668,42700.0,45.9900016784668
2020-12-14,48.34000015258789,43.720001220703125,47.689998626708984,44.29999923706055,62400.0,44.29999923706055
2020-12-15,47.75,44.52000045776367,45.20000076293945,47.7400016784668,29900.0,47.7400016784668
2020-12-16,47.900001525878906,45.63999938964844,47.900001525878906,46.790000915527344,32300.0,46.790000915527344
2020-12-17,47.29999923706055,45.0,47.2599983215332,46.61000061035156,26600.0,46.61000061035156
2020-12-18,50.40999984741211,46.70000076293945,47.0,47.5099983215332,98800.0,47.5099983215332
2020-12-21,47.18000030517578,45.099998474121094,46.0099983215332,46.97999954223633,39600.0,46.97999954223633
2020-12-22,47.0,45.7400016784668,47.0,46.29999923706055,48200.0,46.29999923706055
2020-12-23,49.4900016784668,46.5099983215332,46.900001525878906,48.40999984741211,55700.0,48.40999984741211
2020-12-24,49.09000015258789,46.97999954223633,49.09000015258789,48.06999969482422,13400.0,48.06999969482422
2020-12-28,48.33000183105469,44.43000030517578,48.33000183105469,45.02000045776367,60100.0,45.02000045776367
2020-12-29,47.0,44.689998626708984,44.88999938964844,46.58000183105469,33900.0,46.58000183105469
2020-12-30,46.470001220703125,45.04999923706055,46.470001220703125,46.36000061035156,51300.0,46.36000061035156
2020-12-31,47.849998474121094,45.25,46.209999084472656,47.459999084472656,42500.0,47.459999084472656
